TaskID,TaskName,Category,Duration,RequiredSkills,PreferredPhases,MaxConcurrent
T1,Database Migration,Infrastructure,3,"Database,SQL,Migration","[1,2]",1
T2,User Authentication System,Backend,2,"Security,Backend,APIs","[1,2,3]",2
T3,Mobile App Development,Mobile,4,"Mobile,iOS,Android","[1,2,3,4]",3
T4,API Gateway Implementation,Infrastructure,2,"APIs,Microservices,DevOps","[2,3]",2
T5,Machine Learning Model,AI/ML,5,"Machine Learning,Python,Data Science","[1,2,3,4,5]",1
T6,Frontend Dashboard,Frontend,3,"Frontend,React,JavaScript","[2,3,4]",2
T7,Security Audit,Security,2,"Security,Penetration Testing,Audit","[1,3,5]",1
T8,Cloud Migration,Infrastructure,4,"Cloud,AWS,DevOps","[1,2,3]",2
T9,Performance Optimization,Performance,2,"Performance,Algorithms,Optimization","[3,4,5]",3
T10,Automated Testing Suite,Testing,3,"Testing,Automation,QA","[2,3,4,5]",2
T11,Data Pipeline,Data,4,"Data Engineering,ETL,Python","[1,2,3]",1
T12,User Experience Redesign,Design,3,"UI/UX,Design,User Research","[1,2,4]",2
T13,Microservices Architecture,Backend,5,"Microservices,APIs,Backend","[1,2,3,4]",1
T14,Content Management System,Full Stack,4,"Full Stack,CMS,Database","[2,3,4,5]",2
T15,Integration Platform,Integration,3,"Integration,APIs,Middleware","[1,3,4]",2
T16,Analytics Dashboard,Analytics,3,"Analytics,Data Visualization,Business Intelligence","[2,3,5]",2
T17,Blockchain Implementation,Blockchain,4,"Blockchain,Solidity,Web3","[1,2,3]",1
T18,Quality Assurance,Testing,2,"QA,Manual Testing,Documentation","[3,4,5,6]",3
T19,Network Security,Security,3,"Network Security,Firewall,Monitoring","[1,2,4]",1
T20,AI Chatbot,AI/ML,3,"AI,Natural Language Processing,Machine Learning","[1,3,4,5]",2
T21,E-commerce Platform,Full Stack,5,"E-commerce,Full Stack,Payment Integration","[1,2,3,4,5]",1
T22,DevOps Pipeline,DevOps,2,"DevOps,CI/CD,Automation","[1,2,3]",2
T23,Business Intelligence,Analytics,4,"Business Intelligence,Data Analysis,Reporting","[2,3,4]",1
T24,Video Streaming,Media,4,"Video Processing,Streaming,CDN","[1,2,3,4]",2
T25,IoT Integration,IoT,3,"IoT,Embedded Systems,Sensors","[1,3,5]",2
T26,Payment Gateway,FinTech,3,"Payment Processing,Security,APIs","[2,3,4]",1
T27,Social Media Integration,Integration,2,"Social APIs,Integration,OAuth","[1,2,4,5]",3
T28,Document Management,Document,3,"Document Processing,Storage,Search","[2,3,4,5]",2
T29,Real-time Notifications,Real-time,2,"WebSockets,Real-time,Push Notifications","[1,3,4]",3
T30,Search Engine Optimization,SEO,2,"SEO,Analytics,Content Optimization","[3,4,5,6]",2
T31,Inventory Management,ERP,4,"ERP,Inventory,Database","[1,2,3,4]",1
T32,Customer Support Portal,Support,3,"Support Systems,Ticketing,CRM","[2,3,4,5]",2
T33,Backup and Recovery,Infrastructure,2,"Backup,Disaster Recovery,Infrastructure","[1,2,5,6]",1
T34,Load Balancing,Infrastructure,2,"Load Balancing,Infrastructure,Performance","[1,3,4]",2
T35,Email Marketing,Marketing,2,"Email Marketing,Automation,Analytics","[2,4,5,6]",3
T36,CRM Integration,CRM,3,"CRM,Integration,Data Sync","[1,2,3,5]",2
T37,Reporting System,Reporting,3,"Reporting,Data Analysis,Visualization","[2,3,4,6]",2
T38,Multi-tenant Architecture,Architecture,4,"Multi-tenancy,Architecture,Security","[1,2,3]",1
T39,Content Delivery Network,CDN,3,"CDN,Performance,Global Distribution","[1,2,4,5]",2
T40,Workflow Automation,Automation,3,"Workflow,Automation,Business Process","[2,3,4,5]",2
T41,Identity Management,Identity,3,"Identity Management,SSO,Security","[1,2,3]",1
T42,Log Management,Monitoring,2,"Logging,Monitoring,Analytics","[1,3,4,5,6]",3
T43,Version Control System,Development,2,"Git,Version Control,Development","[1,2,3,4]",2
T44,API Documentation,Documentation,2,"Documentation,APIs,Technical Writing","[3,4,5,6]",3
T45,Compliance Audit,Compliance,3,"Compliance,Audit,Legal Requirements","[1,2,4]",1
T46,Disaster Recovery,DR,3,"Disaster Recovery,Backup,Business Continuity","[1,3,5]",1
T47,Performance Monitoring,Monitoring,2,"Performance Monitoring,Metrics,Alerting","[2,3,4,5,6]",2
T48,Code Review System,Development,2,"Code Review,Development,Quality Assurance","[1,2,3,4,5]",3
T49,Data Warehouse,Data,4,"Data Warehouse,ETL,Business Intelligence","[1,2,3]",1
T50,Recommendation Engine,AI/ML,4,"Recommendation Systems,Machine Learning,Personalization","[1,2,4,5]",1